<?xml version="1.0" encoding="UTF-8"?>
<single-message xmlns:ns2="http://www.apb.be/standards/smoa/schema/model/v1" xmlns="http://www.apb.be/standards/smoa/schema/v1" xmlns:ns4="http://www.apb.be/standards/smoa/schema/code/v1" xmlns:ns3="http://www.apb.be/standards/smoa/schema/id/v1" xmlns:ns5="http://www.ehealth.fgov.be/standards/kmehr/schema/v1" xmlns:ns6="http://www.w3.org/2000/09/xmldsig#" xmlns:ns7="http://www.w3.org/2001/04/xmlenc#">
    <unsigned>
        <header>
            <version>2.0</version>
            <messageCreateDate>2013-09-04T16:00:48.138+02:00</messageCreateDate>
            <messageID>59f69aca-ad9d-95c0-a9ef-8fd8acfb1df3</messageID>
            <sender>
                <ns2:refPharmacy>
                    <ns2:pharmacyId xsi:type="ns3:NihiiIdType" xmlns:xsi="http://www.w3.org/2001/XMLSchema-instance">
                        <ns3:nihiiPharmacyNumber>66666219</ns3:nihiiPharmacyNumber>
                    </ns2:pharmacyId>
                </ns2:refPharmacy>
            </sender>
        </header>
        <eventFolder>
            <events>
                <event xsi:type="MedicationHistoryEvent" xmlns:xsi="http://www.w3.org/2001/XMLSchema-instance">
                    <ns2:medicationHistoryEntity>
                        <ns2:entityId xsi:type="ns3:EntityIdType">
                            <ns3:id>90e911c5-f570-31b7-c232-294315883652</ns3:id>
                            <ns3:version>1</ns3:version>
                        </ns2:entityId>
                        <ns2:sessionID>fb058585-a973-f4ba-7ed8-8de44dcd1816</ns2:sessionID>
                        <ns2:deliveryDate>2013-08-09T08:55:00</ns2:deliveryDate>
                        <ns2:pharmacyId>
                            <ns3:nihiiPharmacyNumber>66666219</ns3:nihiiPharmacyNumber>
                        </ns2:pharmacyId>
                        <ns2:min-Patient>
                            <ns2:personId xsi:type="ns3:InssIdType">
                                <ns3:id>89013036529</ns3:id>
                            </ns2:personId>
                            <ns2:name>Homer</ns2:name>
                            <ns2:name>J</ns2:name>
                            <ns2:familyName>Family</ns2:familyName>
                        </ns2:min-Patient>
                        <ns2:product onSubstanceName="false" prescribed="true">
                            <ns2:description>
                                <ns2:magistralPreparation>
                                    <ns2:compound>
                                        <ns2:order>1</ns2:order>
                                        <ns2:medicinalproduct>
                                            <ns2:intendedProduct>1543305</ns2:intendedProduct>
                                            <ns2:intendedname>ATROVENT MONODOSE 0,25MG/2ML VIALS 20</ns2:intendedname>
                                        </ns2:medicinalproduct>
                                        <ns2:quantity>
                                            <decimal>10</decimal>
                                            <unit>ml</unit>
                                        </ns2:quantity>
                                    </ns2:compound>
                                    <ns2:compound>
                                        <ns2:order>2</ns2:order>
                                        <ns2:medicinalproduct>
                                            <ns2:intendedProduct>0444216</ns2:intendedProduct>
                                            <ns2:intendedname>BECONASE AQUA FL 1X50MCG/200DOS</ns2:intendedname>
                                        </ns2:medicinalproduct>
                                        <ns2:quantity>
                                            <decimal>24</decimal>
                                            <unit>ml</unit>
                                        </ns2:quantity>
                                    </ns2:compound>
                                    <ns2:compound>
                                        <ns2:order>3</ns2:order>
                                        <ns2:substance>
                                            <ns2:substancecode>0525337</ns2:substancecode>
                                            <ns2:substancename>GLYCEROL</ns2:substancename>
                                        </ns2:substance>
                                        <ns2:quantity>
                                            <decimal>0.2</decimal>
                                            <unit>gm</unit>
                                        </ns2:quantity>
                                    </ns2:compound>
                                    <ns2:compound>
                                        <ns2:order>4</ns2:order>
                                        <ns2:substance>
                                            <ns2:substancecode>0543637</ns2:substancecode>
                                            <ns2:substancename>PROPYLEEN GLYCOL          BF 5</ns2:substancename>
                                        </ns2:substance>
                                        <ns2:quantity>
                                            <decimal>0.2</decimal>
                                            <unit>gm</unit>
                                        </ns2:quantity>
                                    </ns2:compound>
                                    <ns2:compound>
                                        <ns2:order>5</ns2:order>
                                        <ns2:substance>
                                            <ns2:substancecode>0535047</ns2:substancecode>
                                            <ns2:substancename>NA CHLORIDE             BF 5</ns2:substancename>
                                        </ns2:substance>
                                        <ns2:quantity>
                                            <decimal>0.9</decimal>
                                            <unit>gm</unit>
                                        </ns2:quantity>
                                    </ns2:compound>
                                    <ns2:compound>
                                        <ns2:order>6</ns2:order>
                                        <ns2:substance>
                                            <ns2:substancecode>0509307</ns2:substancecode>
                                            <ns2:substancename>BACITRACINE</ns2:substancename>
                                        </ns2:substance>
                                        <ns2:quantity>
                                            <decimal>66</decimal>
                                            <unit>mg</unit>
                                        </ns2:quantity>
                                    </ns2:compound>
                                    <ns2:compound>
                                        <ns2:order>7</ns2:order>
                                        <ns2:substance>
                                            <ns2:substancecode>0507541</ns2:substancecode>
                                            <ns2:substancename>AQ DIST/PURIF EF</ns2:substancename>
                                        </ns2:substance>
                                        <ns2:quantityprefix>ad</ns2:quantityprefix>
                                        <ns2:quantity>
                                            <decimal>100</decimal>
                                            <unit>ml</unit>
                                        </ns2:quantity>
                                    </ns2:compound>
                                    <ns2:galenicform>
                                        <ns2:galenicformtext>Oplossing (Uitwendig)</ns2:galenicformtext>
                                    </ns2:galenicform>
                                    <ns2:quantity>
                                        <decimal>100</decimal>
                                        <unit>ml</unit>
                                    </ns2:quantity>
                                </ns2:magistralPreparation>
                            </ns2:description>
                            <ns2:dispensation>
                                <ns2:numberOfUnits>1</ns2:numberOfUnits>
                            </ns2:dispensation>
                        </ns2:product>
                        <ns2:metaDataList>
                            <metaData>
                                <key>HasDelphiCareRun</key>
                                <value>TRUE</value>
                            </metaData>
                        </ns2:metaDataList>
                        <ns2:tipQualityIndicator>50</ns2:tipQualityIndicator>
                    </ns2:medicationHistoryEntity>
                    <ns2:medicationHistoryEntity>
                        <ns2:entityId xsi:type="ns3:EntityIdType">
                            <ns3:id>e8023f93-36d3-9ab4-cabc-eb2754bedbc7</ns3:id>
                            <ns3:version>0</ns3:version>
                        </ns2:entityId>
                        <ns2:sessionID>fb058585-a973-f4ba-7ed8-8de44dcd1816</ns2:sessionID>
                        <ns2:deliveryDate>2013-08-09T08:55:00</ns2:deliveryDate>
                        <ns2:pharmacyId>
                            <ns3:nihiiPharmacyNumber>66666219</ns3:nihiiPharmacyNumber>
                        </ns2:pharmacyId>
                        <ns2:min-Patient>
                            <ns2:personId xsi:type="ns3:InssIdType">
                                <ns3:id>89013036529</ns3:id>
                            </ns2:personId>
                            <ns2:name>Homer</ns2:name>
                            <ns2:name>J</ns2:name>
                            <ns2:familyName>Family</ns2:familyName>
                        </ns2:min-Patient>
                        <ns2:product prescribed="false">
                            <ns2:description>
                                <ns2:magistralPreparation>
                                    <ns2:compound>
                                        <ns2:order>1</ns2:order>
                                        <ns2:medicinalproduct>
                                            <ns2:intendedProduct>1543305</ns2:intendedProduct>
                                            <ns2:intendedname>ATROVENT MONODOSE 0,25MG/2ML VIALS 20</ns2:intendedname>
                                        </ns2:medicinalproduct>
                                        <ns2:quantity>
                                            <decimal>10</decimal>
                                            <unit>ml</unit>
                                        </ns2:quantity>
                                    </ns2:compound>
                                    <ns2:compound>
                                        <ns2:order>2</ns2:order>
                                        <ns2:medicinalproduct>
                                            <ns2:intendedProduct>0444216</ns2:intendedProduct>
                                            <ns2:intendedname>BECONASE AQUA FL 1X50MCG/200DOS</ns2:intendedname>
                                        </ns2:medicinalproduct>
                                        <ns2:quantity>
                                            <decimal>24</decimal>
                                            <unit>ml</unit>
                                        </ns2:quantity>
                                    </ns2:compound>
                                    <ns2:compound>
                                        <ns2:order>3</ns2:order>
                                        <ns2:substance>
                                            <ns2:substancecode>0525337</ns2:substancecode>
                                            <ns2:substancename>GLYCEROL</ns2:substancename>
                                        </ns2:substance>
                                        <ns2:quantity>
                                            <decimal>0.2</decimal>
                                            <unit>gm</unit>
                                        </ns2:quantity>
                                    </ns2:compound>
                                    <ns2:compound>
                                        <ns2:order>4</ns2:order>
                                        <ns2:substance>
                                            <ns2:substancecode>0543637</ns2:substancecode>
                                            <ns2:substancename>PROPYLEEN GLYCOL          BF 5</ns2:substancename>
                                        </ns2:substance>
                                        <ns2:quantity>
                                            <decimal>0.2</decimal>
                                            <unit>gm</unit>
                                        </ns2:quantity>
                                    </ns2:compound>
                                    <ns2:compound>
                                        <ns2:order>5</ns2:order>
                                        <ns2:substance>
                                            <ns2:substancecode>0535047</ns2:substancecode>
                                            <ns2:substancename>NA CHLORIDE             BF 5</ns2:substancename>
                                        </ns2:substance>
                                        <ns2:quantity>
                                            <decimal>0.9</decimal>
                                            <unit>gm</unit>
                                        </ns2:quantity>
                                    </ns2:compound>
                                    <ns2:compound>
                                        <ns2:order>6</ns2:order>
                                        <ns2:substance>
                                            <ns2:substancecode>0509307</ns2:substancecode>
                                            <ns2:substancename>BACITRACINE</ns2:substancename>
                                        </ns2:substance>
                                        <ns2:quantity>
                                            <decimal>66</decimal>
                                            <unit>mg</unit>
                                        </ns2:quantity>
                                    </ns2:compound>
                                    <ns2:compound>
                                        <ns2:order>7</ns2:order>
                                        <ns2:substance>
                                            <ns2:substancecode>0507541</ns2:substancecode>
                                            <ns2:substancename>AQ DIST/PURIF EF</ns2:substancename>
                                        </ns2:substance>
                                        <ns2:quantityprefix>ad</ns2:quantityprefix>
                                        <ns2:quantity>
                                            <decimal>100</decimal>
                                            <unit>ml</unit>
                                        </ns2:quantity>
                                    </ns2:compound>
                                    <ns2:galenicform>
                                        <ns2:galenicformtext>Oplossing (Uitwendig)</ns2:galenicformtext>
                                    </ns2:galenicform>
                                    <ns2:quantity>
                                        <decimal>100</decimal>
                                        <unit>ml</unit>
                                    </ns2:quantity>
                                </ns2:magistralPreparation>
                            </ns2:description>
                            <ns2:dispensation>
                                <ns2:numberOfUnits>1</ns2:numberOfUnits>
                            </ns2:dispensation>
                        </ns2:product>
                        <ns2:metaDataList>
                            <metaData>
                                <key>HasDelphiCareRun</key>
                                <value>TRUE</value>
                            </metaData>
                        </ns2:metaDataList>
                        <ns2:tipQualityIndicator>50</ns2:tipQualityIndicator>
                    </ns2:medicationHistoryEntity>
                </event>
            </events>
        </eventFolder>
    </unsigned>
</single-message>